ID,TITLE,LOCATION,SALARY,SUMMARY
https://www.indeed.com/jobs?q=vue&l&vjk=33b7f295f98000b6,Junior Software Engineer,"Two Barrels Spokane, WA","$70,000 a year","This is a full time 40 hour/week position with company benefits in Spokane, Washington. Our Junior Software Engineers spend their first year integrating and…"
https://www.indeed.com/jobs?q=vue&l&vjk=ca72144f21250649,Junior PHP Developer,"DISRUPT Media Zanesville, OH",,"You’ll be developing functionality for our online properties, internal administration tools, and integrating with third-party systems."
https://www.indeed.com/jobs?q=vue&l&vjk=500348e44a800a12,"Vue Developer - Remote, Full Time","FullStack Labs Phoenix, AZ +5 locations • Remote",,As an engineer at FullStack Labs you will help our incredible clients achieve their technical goals in one of two ways: 1) Team Augmentation: You will integrate…
https://www.indeed.com/jobs?q=vue&l&vjk=d7ebd6a4d521cbf9,Software Engineer Internship,"WebFX, Inc. 4.8 Harrisburg, PA 17102 (Midtown area)",$24 an hour,Pursuing Bachelor’s degree in computer science or related discipline is preferred. Coursework with both object-oriented and procedural programming methodologies…
https://www.indeed.com/jobs?q=vue&l&vjk=fe724393de84208d,Online Admissions Representative- Remote/Kentucky Campus,"American National University 2.8 Salem, VA 24153 • Remote",,Set appointments for meetings with prospective students. Conduct meetings and tours for prospective students. A minimum of an Associate’s Degree is preferred.
https://www.indeed.com/jobs?q=vue&l&vjk=64e2bdaf074b63bf,Front-End Developer Plano/Remote,"Voko Communications Plano, TX • Remote",,Production experience with JavaScript based single page applications and frameworks (Vue). Ability to match design direction with markup and styling languages …
https://www.indeed.com/jobs?q=vue&l&vjk=c3d5463850239095,Front-end Engineer,ButterflyMX 3.8 Remote,,Optimize the performance of our page loads using best practices where possible. Keep up to date on modern technologies and trends and advocate for their…
https://www.indeed.com/jobs?q=vue&l&vjk=3cab85ca480226c0,"Associate, Customer Contact Center","BMO Harris Bank 3.5 Naperville, IL +1 location",,"Whether you’re new to [Canadian/American] banking or already have financial services experience, our Customer Contact Centre (CCC) is where you’ll develop…"
https://www.indeed.com/jobs?q=vue&l&vjk=4a2c065bb07751a0,Customer Experience Representative - Franklin,"BMO Harris Bank 3.5 Franklin, IN 46131 +22 locations",,Offrir un service exceptionnel aux clients actuels et potentiels de BMO. Déterminer les besoins des clients et fournir des avis et des conseils quant aux…
https://www.indeed.com/jobs?q=vue&l&vjk=f4163058b19592c2,Entry Level Software Engineer,"LOCKHEED MARTIN CORPORATION 4.0 Offutt AFB, NE 68113",,Entry level position with the Global Strike and Product Support (GSPS) software development team working for US Strategic Command creating Web-based and Java…
https://www.indeed.com/jobs?q=vue&l&vjk=cbe8838f312122c8,Front-End Developer (Co-op),"Retail Business Services 4.0 Quincy, MA 02169 +1 location • Remote",,"We specialize in development of web and mobile applications, information driven reporting solutions and ways to align technology solutions with business…"
https://www.indeed.com/jobs?q=vue&l&vjk=bec560dd87aa6894,Front End Engineer,TriOpz Remote,,"Build and improve software and tools by translating functional requirements into robust, supportable, and scalable applications that work within the overall…"
https://www.indeed.com/jobs?q=vue&l&vjk=2bad125a484685a0,Software Engineer,Grow Progress Remote,"$80,000 - $120,000 a year","This position reports directly to the Lead Software Engineer. Participating in, planning for, and/or leading technical planning meetings."
https://www.indeed.com/jobs?q=vue&l&vjk=168a00aa137f6f7f,Junior Front End / Full Stack Software Engineer,"Plectica New York, NY • Remote",,"Systems Thinking is an increasingly popular method of analysis and problem solving, widely applicable in industry, government, not-for-profit, education,…"
https://www.indeed.com/jobs?q=vue&l&vjk=33bb34de09a15fb2,Front End Developer,BVAccel 3.3 Remote,,Translate requirements and mockups into fully functioning websites using HTML/CSS/JS. Continuously look for ways to improve conversion rates and implement A/B…
https://www.indeed.com/jobs?q=vue&l&vjk=f5d0f1990292236a,Investment Service Specialist,"BMO Harris Bank 3.5 Naperville, IL +1 location",,Proposer et vendre des services liés aux placements et à la gestion de patrimoine aux clients actuels et potentiels de BMO.
https://www.indeed.com/jobs?q=vue&l&vjk=7f6cde65293fa30e,DevOps Engineer,"Rustici Software Franklin, TN 37067 (McEwen area)",,Our DevOps engineers are responsible for keeping services running smoothly. They share ownership of the build and deployment pipeline for our products.
https://www.indeed.com/jobs?q=vue&l&vjk=fde468812c117a79,Front-End Developer,KBMax Remote,,"Four weeks paid vacation is standard for new hires with flexible scheduling for personal and sick days. You will utilize modern SPA frameworks (Angular, Vue)…"
https://www.indeed.com/jobs?q=vue&l&vjk=2f1d8988a503f7cf,Front-End Web Developer,"Your Creative People Greenville, SC 29615",,"We’re looking for an experienced Front-End Web Developer who can develop intuitive, visually appealing designs and find creative solutions to challenges."
https://www.indeed.com/jobs?q=vue&l&vjk=38f55c1d9072191a,"Frontend Engineer, TikTok Ads Creativity & Ecosystem","TikTok 4.2 Seattle, WA +1 location",,"Design, develop, test and continuously improve TikTok creative related platforms. Collaborate with PM and R&D teams globally in a fast paced environment."
https://www.indeed.com/jobs?q=vue&l&vjk=315c4b148bbd9e2f,Customer Experience Representative-South Barrington (Part Ti...,"BMO Harris Bank 3.5 Barrington, IL 60010",,Offrir un service exceptionnel aux clients actuels et potentiels de BMO. Déterminer les besoins des clients et fournir des avis et des conseils quant aux…
https://www.indeed.com/jobs?q=vue&l&vjk=01dca80860ef7fca,DevLead,"HILTI 3.9 Plano, TX 75024",,The role of Software Development Lead will be part of a development team consisting of employees and external partners for Hilti.
https://www.indeed.com/jobs?q=vue&l&vjk=cfad4abcd2196974,Senior Frontend Developer,"Fracta Redwood City, CA • Remote","From $100,000 a year",Fracta.ai usesmachine learning and big data to optimize infrastructure investments – starting with water pipe network replacement solutions for water utilities…
https://www.indeed.com/jobs?q=vue&l&vjk=1e83e7f10d9e3d62,Front-end Developer,"Ramsey Solutions 4.5 Franklin, TN",,"They are primarily coding in JavaScript, HTML, CSS, and utilizing React for highly interactive interface components. Learning new things (every day!)."
https://www.indeed.com/jobs?q=vue&l&vjk=5f7c8f2ddb88ad35,Command and Control Software Engineer I,"Ball Aerospace 3.8 Broomfield, CO 80020","$84,000 - $104,000 a year","We create innovative space solutions, enable more accurate weather forecasts, drive insightful observations of our planet, deliver actionable data and…"
https://www.indeed.com/jobs?q=vue&l&vjk=7cabc1005f4c51dc,Front End Developer,"Horizontal Digital Minneapolis, MN",,"As a Front-end Developer on Horizontal Digital’s front-end development team, you will collaborate with cross- functional teams on multiple accounts."
https://www.indeed.com/jobs?q=vue&l&vjk=1c9d12935c5f21d1,"Managing Director, IB","BMO Financial Group 3.8 Minneapolis, MN 55402 (Downtown West area)",,"Offrir une expertise approfondie du secteur d’activité, faire preuve d’une pensée créatrice dans le cadre d’une approche fondée sur le travail d’équipe, et…"
https://www.indeed.com/jobs?q=vue&l&vjk=569e458d19de6ebb,Front-end Engineer (Industry Solutions Applications),Algolia Remote,,We are responsible for developing industry solutions to create the best developer experience for our users through building on Algolia’s open source UI…
https://www.indeed.com/jobs?q=vue&l&vjk=9c8b26536955c7fa,Full Stack Developer,SIDEARM Sports 4.7 New York State • Remote,,"It manages the multimedia and sponsorship rights for nearly 250 collegiate institutions, conferences and arenas, and supports athletic departments at all…"
https://www.indeed.com/jobs?q=vue&l&vjk=12c282bf976bf5e8,"Bank Manager - Adams, WI","BMO Harris Bank 3.5 Adams, WI +5 locations",,Guider et orienter les membres du personnel ainsi que leur offrir du coaching dans le but d’offrir un service exceptionnel aux clients actuels et potentiels de…
https://www.indeed.com/jobs?q=vue&l&vjk=d27372acb9b859d8,Financial Aid Officer,"Education Affiliates Inc. 3.1 Cookeville, TN 38501",,"POSITION OBJECTIVE: The financial aid officer is responsible for assisting students to correctly complete applications for federal, state, and local student…"
https://www.indeed.com/jobs?q=vue&l&vjk=5cd0ecd9e7a0fd3e,PT Customer Experience Rep (20hrs) (BERWYN),"BMO Harris Bank 3.5 Berwyn, IL",,Offrir un service exceptionnel aux clients actuels et potentiels de BMO. Déterminer les besoins des clients et fournir des avis et des conseils quant aux…
https://www.indeed.com/jobs?q=vue&l&vjk=c1facc6649cca4f4,Developer,"Microhealth LLC 4.4 Vienna, VA 22182",,"MicroHealth is seeking a Developer (Experience with JavaScript is a MUST) to support our Headquarters office in Vienna, VA."
https://www.indeed.com/jobs?q=vue&l&vjk=68a13a1933a0e43a,Software Engineer,"LOCKHEED MARTIN CORPORATION 4.0 Shelton, CT 06484 +1 location",,"Works with an engineering team to develop data pipelines and optimizes user interfaces for efficacy. Experience with the Javascript ecosystem (npm, yarn,…"
https://www.indeed.com/jobs?q=vue&l&vjk=838a401a6d435dc2,Psychologue (F/H) – ESAT Véronique,Unapei 30 Pennsylvania,,Orientation vers une prise en charge extérieure. Travailler en équipe pluridisciplinaire en participant aux différentes réunions d’équipe.
https://www.indeed.com/jobs?q=vue&l&vjk=e47d18a199ddd07e,Language Scorer (NY),"Pearson 3.7 Ballston Spa, NY 12020",,The Evaluation Systems group of Pearson is recruiting permanently certified NYS teachers and recent retirees to score the constructed response components of New…
https://www.indeed.com/jobs?q=vue&l&vjk=98b26c6e14ffcc8a,Algo Trading Developer,"BMO Harris Bank 3.5 New York, NY 10004 (Financial District area)",,The algo trading developer will continually interact with multiple teams including sales/marketing/quants to implement new robust trading features and improve…
https://www.indeed.com/jobs?q=vue&l&vjk=4d298608c5dcb0ea,Chef de projet technique (PHP),"intelcia 2.9 Mission, TX",,"Mettre en place les procédures de pilotage, de reporting et de facturation avec le client (La DSI d’Intelcia) et les éventuels sous-traitants d’ATEXO Maroc qui…"
https://www.indeed.com/jobs?q=vue&l&vjk=528766b56bc050f7,Software Engineering Summer Interns,"Toyota Connected North America Plano, TX",,"Toyota Connected looks for Software Engineering Interns that will solve complex problems and work alongside talented software engineers, data scientists, and…"
https://www.indeed.com/jobs?q=vue&l&vjk=a17c49bdf48fb7f9,Mid-Level Devleoper,"Reflexions Data New York, NY • Remote",,"You will support other members of the team, for the time being in a fully remote capacity. The position requires a strong working knowledge of software and web…"
https://www.indeed.com/jobs?q=vue&l&vjk=784a8f418c409bdc,Testing Services Specialist,"State Fair Community College 4.1 Sedalia, MO 65301",,"The Testing Services Specialist is responsible for making testing appointments, managing the Testing Center schedule, providing accurate and timely information…"
https://www.indeed.com/jobs?q=vue&l&vjk=a4adf29f528ee9b9,Jnr. UX/UI Developer,"Sev1Tech, Inc. Springfield, VA • Remote",,"Ul/UX Developer with strong systems, software, cloud, and Agile experience to support a complex program to provide Agile development and operations and…"
https://www.indeed.com/jobs?q=vue&l&vjk=6672d358584a7ea9,Software Development Engineer Front End 3,"Michaels 3.6 Irving, TX",,"We're looking for engineers who bring fresh ideas from all areas, including information retrieval, distributed computing, large-scale system design, networking…"
https://www.indeed.com/jobs?q=vue&l&vjk=0b0f054313fa9f35,Backend Engineer,CartKit Remote,,"Developing server-side logic, definition, and maintenance of the central database. Connect backend code to the frontend, create new internal and public API…"
https://www.indeed.com/jobs?q=vue&l&vjk=ce47cca2e8d3203b,"Prototyper | New York, NY","Photon 3.3 New York, NY 10023 (Upper West Side area) +1 location",,"Create stunning UI for multiple screen sizes and turning your designs into beautiful, responsive solutions. Communicate with designers and developers, bridging…"
https://www.indeed.com/jobs?q=vue&l&vjk=8627a53af127512a,Software Engineer,"Wiley 3.8 Los Gatos, CA • Remote",,"The ideal candidate will have professional experience working within a modern Javascript web framework like React, Vue, Angular, or EmberJS."
https://www.indeed.com/jobs?q=vue&l&vjk=3e1b7c63a3c03d65,Production Coordinator,"Econolite Group, Inc. Anaheim, CA 92806 (Northeast Anaheim area)",,"Control of inventory transactions, work order transactions, schedule updates, receipts, cycle counts, transfer orders, and aid in any corrections needed to…"
https://www.indeed.com/jobs?q=vue&l&vjk=6df4620c2558f6af,Business Relationship Sales Manager,"BMO Harris Bank 3.5 Naperville, IL",,"Élaborer, mettre en œuvre, examiner et réviser des plans d’action et des stratégies en matière de ventes à court terme (de trois à douze mois) et à long terme …"
https://www.indeed.com/jobs?q=vue&l&vjk=89bfa87e5f1fe5af,OIT Software Developement Engineer in Test (SDET),"Brigham Young University 4.5 Provo, UT 84602 (University area)",,We want to build a continuous testing (CT) environment which will dramatically improve the quality of solutions delivered by OIT to campus.
https://www.indeed.com/jobs?q=vue&l&vjk=6134cea13798a527,Qt Applications Software Engineer,"Shaper Tools San Francisco, CA",,"Develop applications for Shaper Origin and future products using C++, Javascript, Qt, and Qt Quick. Collaborate with product owners and designers to implement…"
https://www.indeed.com/jobs?q=vue&l&vjk=ef352940b7f43122,Software Engineer,"PlatformQ Health Needham, MA 02494 • Remote",,"This mid-level position is well suited to candidates with strong experience with front and back-end web technologies, particularly SPAs, WebRTC, and…"
https://www.indeed.com/jobs?q=vue&l&vjk=1e99947da86c23fd,"Manager, Digital Programming Direct-to-Consumer","ESPN 4.2 Bristol, CT",,"The Manager, Programming takes a lead role in the daily relationship management, schedule maintenance, promotion, and merchandising of ESPN+ content on ESPN+…"
https://www.indeed.com/jobs?q=vue&l&vjk=84b41320e43769c0,Assistant Registrar,"Education Affiliates Inc. 3.1 Denver, CO 80202 (Lodo area)",,The Assistant Registrar is responsible for providing assistance to the Registrar on a daily basis. This position reports to the Director of Academic Support.
https://www.indeed.com/jobs?q=vue&l&vjk=9356be3b2b2fe617,"Software Engineer, Product","Curology 5.0 San Francisco, CA • Remote",,We collaborate closely with marketing and product management to drive the user experience. The projects you build will continue to enable that growth and…
https://www.indeed.com/jobs?q=vue&l&vjk=9918bf81ccaa3713,Full-Stack Developer,"The Brigade Portland, OR",,You create the elegant back-end solutions and flawlessly bring them to life in incredible front-end experiences. Assist in the scoping and planning of projects.
https://www.indeed.com/jobs?q=vue&l&vjk=4a5bdb4590425e0d,Remote Intermediate Application Developer,"Tempus Technologies 4.6 Auburn, IN 46706 • Remote",,We understand the importance of work-life balance and provide our employees with flexible work schedules and a competitive PTO package.
https://www.indeed.com/jobs?q=vue&l&vjk=b1bfdc6fe70260af,Software Engineer - US Campus (2021),"FactSet Research Systems 3.9 York, NY",,Engineers are aligned with specific teams where they design and implement applications for integration within the FactSet product suite and deployment to…
https://www.indeed.com/jobs?q=vue&l&vjk=d634b29602c25363,Private Wealth US AMLRO Operations Analyst,"BMO Harris Bank 3.5 Milwaukee, WI 53202 (Juneau Town area)",,"Épauler le leader du secteur d’activité ou du groupe d’exploitation dans la mise en œuvre, la mise à jour et l’administration efficaces des programmes réservés…"
https://www.indeed.com/jobs?q=vue&l&vjk=d4f769700b919d0d,Web Developer,"Aleron 4.2 Sunnyvale, CA",,"You""ll be collaborating with other developers working on the infrastructure, Web and hybrid mobile app. Implement new features, optimize existing ones, fix bugs…"
https://www.indeed.com/jobs?q=vue&l&vjk=4b8ae74da7a08d30,Assistant familial H/F,"Glaubitz Ion, IA",,"L’établissement accueille par ailleurs 6 jeunes hors d’un cadre collectif, pris en charge par 6 Assistants Familiaux salariés de l’Institution Mertian."
https://www.indeed.com/jobs?q=vue&l&vjk=b1840b34b488f2e3,UI Developer,"WebSolutions Technology Aurora, IL",,Your design decisions reflect the deliberate intention to support users and business objectives. You are not the type to remain quiet in the face of arbitrary…
https://www.indeed.com/jobs?q=vue&l&vjk=f48bbd867f4810f1,Java Software Engineer Internship Spring 2021,"CCC Information Services Inc. 3.8 Chicago, IL 60654 (River North area)",,"Clients leverage CCC’s network management, data management, AI, operational workflows and customer experience solutions to efficiently scale, interact, transact…"
https://www.indeed.com/jobs?q=vue&l&vjk=a54248c7a55afe3a,FT: WordPress / Custom Application Developer,"Oyova Software, LLC 3.3 Jacksonville, FL 32250 • Remote",,"OYOVA ( https://www.oyova.com ) is a full-service Web and Software Design and Development company. WordPress, WooCommerce, Magento, Shopify, Drupal, Craft CMS,…"
https://www.indeed.com/jobs?q=vue&l&vjk=84d80b4088f6dfb3,Senior Front-end Software Engineer,"Collage.com 4.6 Winston-Salem, NC +88 locations • Remote",,"Write and maintain front-end JavaScript code as part of a mobile-first web application, including UI components and state management logic."
https://www.indeed.com/jobs?q=vue&l&vjk=b8013f2d4d3e9ba8,Frontend Software Engineer (Remote or Pittsburgh),Seegrid 4.5 Remote,,"You'll work with customers, product management, and other engineers to conceive, design, and implement new products and features that support the exciting…"
https://www.indeed.com/jobs?q=vue&l&vjk=6792078f31781402,Administrative Assistant to Business Administration and Comp...,"South Plains College 4.3 Levelland, TX 79336",,Employment Status FT Full-Time. Full Time/Part Time Full Time. Department: Business Administration/Computer Information Systems. Desired Start Date 01/21/2021.
https://www.indeed.com/jobs?q=vue&l&vjk=50a0dad7816cb320,PT Customer Experience Representative - Wheeling (Part time...,"BMO Harris Bank 3.5 Wheeling, IL 60090 +1 location",,Offrir un service exceptionnel aux clients actuels et potentiels de BMO. Déterminer les besoins des clients et fournir des avis et des conseils quant aux…
https://www.indeed.com/jobs?q=vue&l&vjk=10438aee64833680,Software Engineer - Product,Sitetracker 4.7 Remote,,"You will become an expert full-stack Salesforce engineer, with a skillset used to build applications on one of the most widely used Platform-as-a-Service…"
https://www.indeed.com/jobs?q=vue&l&vjk=722560d9845e18f0,"Staff Software Engineer, Front End","Williams Sonoma 3.5 San Francisco, CA 94133 (Russian Hill area) +1 location",,"The full-stack engineer will work to extend our beautiful front-end user experience all the way through to enterprise services that support personalization,…"
https://www.indeed.com/jobs?q=vue&l&vjk=f8b20df5a556bf45,RM - Business Analyst,"Pinnacle Group 3.8 Baton Rouge, LA • Remote",,Advanced experience in modernization projects or requirements gathering or translating business process into workflows that are applicable for the new…
